-- phpMyAdmin SQL Dump
-- version 4.8.5
-- https://www.phpmyadmin.net/
--
-- Host: 127.0.0.1
-- Generation Time: Nov 25, 2022 at 01:11 AM
-- Server version: 10.1.40-MariaDB
-- PHP Version: 7.3.5

SET SQL_MODE = "NO_AUTO_VALUE_ON_ZERO";
SET AUTOCOMMIT = 0;
START TRANSACTION;
SET time_zone = "+00:00";


/*!40101 SET @OLD_CHARACTER_SET_CLIENT=@@CHARACTER_SET_CLIENT */;
/*!40101 SET @OLD_CHARACTER_SET_RESULTS=@@CHARACTER_SET_RESULTS */;
/*!40101 SET @OLD_COLLATION_CONNECTION=@@COLLATION_CONNECTION */;
/*!40101 SET NAMES utf8mb4 */;

--
-- Database: `spk_topsis_guru`
--

-- --------------------------------------------------------

--
-- Table structure for table `bobot`
--

CREATE TABLE `bobot` (
  `id` int(11) NOT NULL,
  `kode_bobot` varchar(15) NOT NULL,
  `jumlah` int(5) NOT NULL,
  `keterangan` text
) ENGINE=InnoDB DEFAULT CHARSET=latin1;

--
-- Dumping data for table `bobot`
--

INSERT INTO `bobot` (`id`, `kode_bobot`, `jumlah`, `keterangan`) VALUES
(1, 'B001', 1, 'Sangat Buruk'),
(2, 'B002', 2, 'Buruk'),
(3, 'B003', 3, 'Cukup'),
(4, 'B004', 4, 'Baik'),
(5, 'B005', 5, 'Sangat Baik');

-- --------------------------------------------------------

--
-- Table structure for table `karyawan`
--

CREATE TABLE `karyawan` (
  `id` int(11) NOT NULL,
  `nip` varchar(15) NOT NULL,
  `nama` varchar(50) NOT NULL,
  `alamat` text,
  `jenis_kelamin` varchar(10) DEFAULT NULL,
  `no_telp` varchar(15) DEFAULT NULL
) ENGINE=InnoDB DEFAULT CHARSET=latin1;

--
-- Dumping data for table `karyawan`
--

INSERT INTO `karyawan` (`id`, `nip`, `nama`, `alamat`, `jenis_kelamin`, `no_telp`) VALUES
(1, '196208291984031', 'Naldi Nas', 'KP. RAWA BEBEK RT.03/11\r\n', 'Pria', '088990099'),
(2, '195907291567237', 'Ainun Nag', 'JL. GARDU NO.46 RT.11/02', 'Wanita', '088990099'),
(3, '195703221976012', 'Gusti Irs', 'JL. LAYAR II NO.24', 'Wanita', '088990099'),
(4, '195706051982072', 'Alfian Riz', 'JL. EMPU KANWA XII RT.01/06', 'Pria', '088990099'),
(5, '195705051983032', 'Abi Amr', 'KP PLUIS RT.11/05', 'Pria', '088990099'),
(6, '195907291983456', 'Aan Roh', 'JL. Damai', 'Wanita', '088990099'),
(7, '195907291983451', 'Rycco Atk', 'JL. Damai', 'Pria', '088990099'),
(8, '195907291345467', 'Stefanno Lev', 'JL. Damai', 'Pria', '088990099'),
(9, '195907291464565', 'Wahyu Nir', 'JL. Damai', 'Pria', '088990099'),
(10, '195904545801012', 'Peri Pur', 'JL. Damai', 'Pria', '088990099'),
(11, '193453591980101', 'Suyono', 'JL. Damai', 'Pria', '088990099'),
(12, '345557291980101', 'Assqolani Ads', 'JL. Damai', 'Pria', '088990099'),
(13, '195907291456452', 'Bella Destiana', 'JL. Damai', 'Wanita', '088990099'),
(14, '195907291787888', 'Rio Abj', 'JL. Damai', 'Pria', '088990099'),
(15, '195907291564566', 'Faderi Muh', 'JL. Damai', 'Pria', '088990099'),
(16, '195907291564562', 'Sri Wul', 'JL. Damai', 'Wanita', '088990099'),
(17, '195907245654652', 'Dwi Wul', 'JL. Damai', 'Wanita', '088990099'),
(18, '195907294564562', 'Cory Tan', 'JL. Damai', 'Wanita', '088990099'),
(19, '195907291905343', 'Hery', 'JL. Damai', 'Pria', '088990099'),
(20, '195907294354352', 'Reza Muk', 'JL. Damai', 'Pria', '088990099'),
(21, '195907255667762', 'Fanny Aul', 'JL. Damai', 'Pria', '088990099'),
(22, '195907234544552', 'Imam Jan', 'JL. Damai', 'Pria', '088990099'),
(23, '195907295676542', 'Rezky Alu', 'JL. Damai', 'Pria', '088990099'),
(24, '195907296777777', 'Kharisma Sya', 'JL. Damai', 'Pria', '088990099'),
(25, '234234980101222', 'Yuke Sub', 'JL. Damai', 'Wanita', '088990099'),
(26, '195907291980101', 'Gunawan Mar', 'JL. Damai', 'Pria', '088990099');

-- --------------------------------------------------------

--
-- Table structure for table `kriteria`
--

CREATE TABLE `kriteria` (
  `id` int(11) NOT NULL,
  `kode_kriteria` varchar(15) NOT NULL,
  `nama_kriteria` varchar(30) NOT NULL,
  `kategori` varchar(35) DEFAULT NULL,
  `bobot` int(2) NOT NULL DEFAULT '1'
) ENGINE=InnoDB DEFAULT CHARSET=latin1;

--
-- Dumping data for table `kriteria`
--

INSERT INTO `kriteria` (`id`, `kode_kriteria`, `nama_kriteria`, `kategori`, `bobot`) VALUES
(1, 'C1', 'Displin', 'Benefit/Keuntungan', 4),
(2, 'C2', 'Tanggung Jawab', 'Benefit/Keuntungan', 3),
(3, 'C3', 'Kompetensi/Keterampilan', 'Benefit/Keuntungan', 5),
(4, 'C4', 'Penerapan Bahasa Pemograman', 'Benefit/Keuntungan', 4),
(5, 'C5', 'Kerapihan', 'Benefit/Keuntungan', 3),
(6, 'C6', 'Kerja Sama', 'Benefit/Keuntungan', 1),
(7, 'C7', 'Komitmen Kerja', 'Benefit/Keuntungan', 1),
(8, 'C8', 'Integritas', 'Benefit/Keuntungan', 1),
(9, 'C9', 'Semangat Kerja', 'Benefit/Keuntungan', 1),
(10, 'C10', 'Toleransi', 'Benefit/Keuntungan', 1);

-- --------------------------------------------------------

--
-- Table structure for table `nilai_topsis`
--

CREATE TABLE `nilai_topsis` (
  `kode_nilai_guru` varchar(50) NOT NULL,
  `nip` varchar(15) NOT NULL,
  `kode_kriteria` varchar(15) NOT NULL,
  `angka_penilaian` int(12) NOT NULL,
  `nilai_bobot` int(8) NOT NULL
) ENGINE=InnoDB DEFAULT CHARSET=latin1;

--
-- Dumping data for table `nilai_topsis`
--

INSERT INTO `nilai_topsis` (`kode_nilai_guru`, `nip`, `kode_kriteria`, `angka_penilaian`, `nilai_bobot`) VALUES
('193453591980101C1', '193453591980101', 'C1', 80, 5),
('193453591980101C10', '193453591980101', 'C10', 80, 4),
('193453591980101C2', '193453591980101', 'C2', 80, 5),
('193453591980101C3', '193453591980101', 'C3', 80, 2),
('193453591980101C4', '193453591980101', 'C4', 80, 3),
('193453591980101C5', '193453591980101', 'C5', 80, 5),
('193453591980101C6', '193453591980101', 'C6', 80, 3),
('193453591980101C7', '193453591980101', 'C7', 80, 5),
('193453591980101C8', '193453591980101', 'C8', 80, 5),
('193453591980101C9', '193453591980101', 'C9', 80, 3),
('195703221976012C1', '195703221976012', 'C1', 80, 5),
('195703221976012C10', '195703221976012', 'C10', 80, 5),
('195703221976012C2', '195703221976012', 'C2', 80, 3),
('195703221976012C3', '195703221976012', 'C3', 80, 4),
('195703221976012C4', '195703221976012', 'C4', 80, 1),
('195703221976012C5', '195703221976012', 'C5', 80, 5),
('195703221976012C6', '195703221976012', 'C6', 80, 5),
('195703221976012C7', '195703221976012', 'C7', 80, 4),
('195703221976012C8', '195703221976012', 'C8', 80, 4),
('195703221976012C9', '195703221976012', 'C9', 80, 2),
('195705051983032C1', '195705051983032', 'C1', 80, 3),
('195705051983032C10', '195705051983032', 'C10', 80, 3),
('195705051983032C2', '195705051983032', 'C2', 80, 2),
('195705051983032C3', '195705051983032', 'C3', 80, 3),
('195705051983032C4', '195705051983032', 'C4', 80, 4),
('195705051983032C5', '195705051983032', 'C5', 80, 3),
('195705051983032C6', '195705051983032', 'C6', 80, 3),
('195705051983032C7', '195705051983032', 'C7', 80, 1),
('195705051983032C8', '195705051983032', 'C8', 80, 2),
('195705051983032C9', '195705051983032', 'C9', 80, 1),
('195706051982072C1', '195706051982072', 'C1', 80, 2),
('195706051982072C10', '195706051982072', 'C10', 80, 2),
('195706051982072C2', '195706051982072', 'C2', 80, 4),
('195706051982072C3', '195706051982072', 'C3', 80, 1),
('195706051982072C4', '195706051982072', 'C4', 80, 1),
('195706051982072C5', '195706051982072', 'C5', 80, 1),
('195706051982072C6', '195706051982072', 'C6', 80, 1),
('195706051982072C7', '195706051982072', 'C7', 80, 1),
('195706051982072C8', '195706051982072', 'C8', 80, 1),
('195706051982072C9', '195706051982072', 'C9', 80, 3),
('195904545801012C1', '195904545801012', 'C1', 80, 3),
('195904545801012C10', '195904545801012', 'C10', 80, 3),
('195904545801012C2', '195904545801012', 'C2', 80, 4),
('195904545801012C3', '195904545801012', 'C3', 80, 3),
('195904545801012C4', '195904545801012', 'C4', 80, 1),
('195904545801012C5', '195904545801012', 'C5', 80, 2),
('195904545801012C6', '195904545801012', 'C6', 80, 4),
('195904545801012C7', '195904545801012', 'C7', 80, 2),
('195904545801012C8', '195904545801012', 'C8', 80, 4),
('195904545801012C9', '195904545801012', 'C9', 80, 4),
('195907234544552C1', '195907234544552', 'C1', 80, 3),
('195907234544552C10', '195907234544552', 'C10', 80, 2),
('195907234544552C2', '195907234544552', 'C2', 80, 3),
('195907234544552C3', '195907234544552', 'C3', 80, 4),
('195907234544552C4', '195907234544552', 'C4', 80, 5),
('195907234544552C5', '195907234544552', 'C5', 80, 3),
('195907234544552C6', '195907234544552', 'C6', 80, 3),
('195907234544552C7', '195907234544552', 'C7', 80, 1),
('195907234544552C8', '195907234544552', 'C8', 80, 4),
('195907234544552C9', '195907234544552', 'C9', 80, 4),
('195907245654652C1', '195907245654652', 'C1', 80, 4),
('195907245654652C10', '195907245654652', 'C10', 80, 5),
('195907245654652C2', '195907245654652', 'C2', 80, 2),
('195907245654652C3', '195907245654652', 'C3', 80, 4),
('195907245654652C4', '195907245654652', 'C4', 80, 5),
('195907245654652C5', '195907245654652', 'C5', 80, 5),
('195907245654652C6', '195907245654652', 'C6', 80, 4),
('195907245654652C7', '195907245654652', 'C7', 80, 4),
('195907245654652C8', '195907245654652', 'C8', 80, 2),
('195907245654652C9', '195907245654652', 'C9', 80, 3),
('195907255667762C1', '195907255667762', 'C1', 80, 4),
('195907255667762C10', '195907255667762', 'C10', 80, 5),
('195907255667762C2', '195907255667762', 'C2', 80, 4),
('195907255667762C3', '195907255667762', 'C3', 80, 4),
('195907255667762C4', '195907255667762', 'C4', 80, 3),
('195907255667762C5', '195907255667762', 'C5', 80, 2),
('195907255667762C6', '195907255667762', 'C6', 80, 3),
('195907255667762C7', '195907255667762', 'C7', 80, 1),
('195907255667762C8', '195907255667762', 'C8', 80, 1),
('195907255667762C9', '195907255667762', 'C9', 80, 5),
('195907291345467C1', '195907291345467', 'C1', 80, 2),
('195907291345467C10', '195907291345467', 'C10', 80, 4),
('195907291345467C2', '195907291345467', 'C2', 80, 4),
('195907291345467C3', '195907291345467', 'C3', 80, 3),
('195907291345467C4', '195907291345467', 'C4', 80, 3),
('195907291345467C5', '195907291345467', 'C5', 80, 3),
('195907291345467C6', '195907291345467', 'C6', 80, 4),
('195907291345467C7', '195907291345467', 'C7', 80, 2),
('195907291345467C8', '195907291345467', 'C8', 80, 5),
('195907291345467C9', '195907291345467', 'C9', 80, 2),
('195907291456452C1', '195907291456452', 'C1', 80, 1),
('195907291456452C10', '195907291456452', 'C10', 80, 3),
('195907291456452C2', '195907291456452', 'C2', 80, 5),
('195907291456452C3', '195907291456452', 'C3', 80, 1),
('195907291456452C4', '195907291456452', 'C4', 80, 2),
('195907291456452C5', '195907291456452', 'C5', 80, 3),
('195907291456452C6', '195907291456452', 'C6', 80, 4),
('195907291456452C7', '195907291456452', 'C7', 80, 3),
('195907291456452C8', '195907291456452', 'C8', 80, 1),
('195907291456452C9', '195907291456452', 'C9', 80, 4),
('195907291464565C1', '195907291464565', 'C1', 80, 1),
('195907291464565C10', '195907291464565', 'C10', 80, 4),
('195907291464565C2', '195907291464565', 'C2', 80, 4),
('195907291464565C3', '195907291464565', 'C3', 80, 1),
('195907291464565C4', '195907291464565', 'C4', 80, 5),
('195907291464565C5', '195907291464565', 'C5', 80, 3),
('195907291464565C6', '195907291464565', 'C6', 80, 1),
('195907291464565C7', '195907291464565', 'C7', 80, 2),
('195907291464565C8', '195907291464565', 'C8', 80, 1),
('195907291464565C9', '195907291464565', 'C9', 80, 5),
('195907291564562C1', '195907291564562', 'C1', 80, 2),
('195907291564562C10', '195907291564562', 'C10', 80, 1),
('195907291564562C2', '195907291564562', 'C2', 80, 1),
('195907291564562C3', '195907291564562', 'C3', 80, 1),
('195907291564562C4', '195907291564562', 'C4', 80, 2),
('195907291564562C5', '195907291564562', 'C5', 80, 4),
('195907291564562C6', '195907291564562', 'C6', 80, 5),
('195907291564562C7', '195907291564562', 'C7', 80, 3),
('195907291564562C8', '195907291564562', 'C8', 80, 1),
('195907291564562C9', '195907291564562', 'C9', 80, 2),
('195907291564566C1', '195907291564566', 'C1', 80, 2),
('195907291564566C10', '195907291564566', 'C10', 80, 3),
('195907291564566C2', '195907291564566', 'C2', 80, 1),
('195907291564566C3', '195907291564566', 'C3', 80, 3),
('195907291564566C4', '195907291564566', 'C4', 80, 1),
('195907291564566C5', '195907291564566', 'C5', 80, 2),
('195907291564566C6', '195907291564566', 'C6', 80, 2),
('195907291564566C7', '195907291564566', 'C7', 80, 5),
('195907291564566C8', '195907291564566', 'C8', 80, 3),
('195907291564566C9', '195907291564566', 'C9', 80, 1),
('195907291567237C1', '195907291567237', 'C1', 80, 3),
('195907291567237C10', '195907291567237', 'C10', 80, 3),
('195907291567237C2', '195907291567237', 'C2', 80, 1),
('195907291567237C3', '195907291567237', 'C3', 80, 2),
('195907291567237C4', '195907291567237', 'C4', 80, 5),
('195907291567237C5', '195907291567237', 'C5', 80, 1),
('195907291567237C6', '195907291567237', 'C6', 80, 2),
('195907291567237C7', '195907291567237', 'C7', 80, 3),
('195907291567237C8', '195907291567237', 'C8', 80, 4),
('195907291567237C9', '195907291567237', 'C9', 80, 1),
('195907291787888C1', '195907291787888', 'C1', 80, 2),
('195907291787888C10', '195907291787888', 'C10', 80, 2),
('195907291787888C2', '195907291787888', 'C2', 80, 4),
('195907291787888C3', '195907291787888', 'C3', 80, 2),
('195907291787888C4', '195907291787888', 'C4', 80, 3),
('195907291787888C5', '195907291787888', 'C5', 80, 4),
('195907291787888C6', '195907291787888', 'C6', 80, 1),
('195907291787888C7', '195907291787888', 'C7', 80, 5),
('195907291787888C8', '195907291787888', 'C8', 80, 3),
('195907291787888C9', '195907291787888', 'C9', 80, 1),
('195907291905343C1', '195907291905343', 'C1', 80, 1),
('195907291905343C10', '195907291905343', 'C10', 80, 1),
('195907291905343C2', '195907291905343', 'C2', 80, 3),
('195907291905343C3', '195907291905343', 'C3', 80, 3),
('195907291905343C4', '195907291905343', 'C4', 80, 5),
('195907291905343C5', '195907291905343', 'C5', 80, 5),
('195907291905343C6', '195907291905343', 'C6', 80, 5),
('195907291905343C7', '195907291905343', 'C7', 80, 3),
('195907291905343C8', '195907291905343', 'C8', 80, 1),
('195907291905343C9', '195907291905343', 'C9', 80, 1),
('195907291983451C1', '195907291983451', 'C1', 80, 2),
('195907291983451C10', '195907291983451', 'C10', 80, 4),
('195907291983451C2', '195907291983451', 'C2', 80, 3),
('195907291983451C3', '195907291983451', 'C3', 80, 4),
('195907291983451C4', '195907291983451', 'C4', 80, 3),
('195907291983451C5', '195907291983451', 'C5', 80, 3),
('195907291983451C6', '195907291983451', 'C6', 80, 3),
('195907291983451C7', '195907291983451', 'C7', 80, 5),
('195907291983451C8', '195907291983451', 'C8', 80, 4),
('195907291983451C9', '195907291983451', 'C9', 80, 4),
('195907291983456C1', '195907291983456', 'C1', 80, 2),
('195907291983456C10', '195907291983456', 'C10', 80, 4),
('195907291983456C2', '195907291983456', 'C2', 80, 1),
('195907291983456C3', '195907291983456', 'C3', 80, 4),
('195907291983456C4', '195907291983456', 'C4', 80, 4),
('195907291983456C5', '195907291983456', 'C5', 80, 5),
('195907291983456C6', '195907291983456', 'C6', 80, 3),
('195907291983456C7', '195907291983456', 'C7', 80, 2),
('195907291983456C8', '195907291983456', 'C8', 80, 3),
('195907291983456C9', '195907291983456', 'C9', 80, 1),
('195907294354352C1', '195907294354352', 'C1', 80, 3),
('195907294354352C10', '195907294354352', 'C10', 80, 4),
('195907294354352C2', '195907294354352', 'C2', 80, 2),
('195907294354352C3', '195907294354352', 'C3', 80, 4),
('195907294354352C4', '195907294354352', 'C4', 80, 4),
('195907294354352C5', '195907294354352', 'C5', 80, 1),
('195907294354352C6', '195907294354352', 'C6', 80, 4),
('195907294354352C7', '195907294354352', 'C7', 80, 3),
('195907294354352C8', '195907294354352', 'C8', 80, 5),
('195907294354352C9', '195907294354352', 'C9', 80, 2),
('195907294564562C1', '195907294564562', 'C1', 80, 3),
('195907294564562C10', '195907294564562', 'C10', 80, 1),
('195907294564562C2', '195907294564562', 'C2', 80, 2),
('195907294564562C3', '195907294564562', 'C3', 80, 1),
('195907294564562C4', '195907294564562', 'C4', 80, 1),
('195907294564562C5', '195907294564562', 'C5', 80, 4),
('195907294564562C6', '195907294564562', 'C6', 80, 4),
('195907294564562C7', '195907294564562', 'C7', 80, 2),
('195907294564562C8', '195907294564562', 'C8', 80, 3),
('195907294564562C9', '195907294564562', 'C9', 80, 4),
('195907295676542C1', '195907295676542', 'C1', 80, 3),
('195907295676542C10', '195907295676542', 'C10', 80, 4),
('195907295676542C2', '195907295676542', 'C2', 80, 1),
('195907295676542C3', '195907295676542', 'C3', 80, 4),
('195907295676542C4', '195907295676542', 'C4', 80, 3),
('195907295676542C5', '195907295676542', 'C5', 80, 3),
('195907295676542C6', '195907295676542', 'C6', 80, 4),
('195907295676542C7', '195907295676542', 'C7', 80, 1),
('195907295676542C8', '195907295676542', 'C8', 80, 1),
('195907295676542C9', '195907295676542', 'C9', 80, 2),
('195907296777777C1', '195907296777777', 'C1', 80, 2),
('195907296777777C10', '195907296777777', 'C10', 80, 5),
('195907296777777C2', '195907296777777', 'C2', 80, 4),
('195907296777777C3', '195907296777777', 'C3', 80, 3),
('195907296777777C4', '195907296777777', 'C4', 80, 2),
('195907296777777C5', '195907296777777', 'C5', 80, 4),
('195907296777777C6', '195907296777777', 'C6', 80, 3),
('195907296777777C7', '195907296777777', 'C7', 80, 2),
('195907296777777C8', '195907296777777', 'C8', 80, 1),
('195907296777777C9', '195907296777777', 'C9', 80, 5),
('196208291984031C1', '196208291984031', 'C1', 80, 2),
('196208291984031C10', '196208291984031', 'C10', 80, 2),
('196208291984031C2', '196208291984031', 'C2', 80, 1),
('196208291984031C3', '196208291984031', 'C3', 80, 2),
('196208291984031C4', '196208291984031', 'C4', 80, 3),
('196208291984031C5', '196208291984031', 'C5', 80, 5),
('196208291984031C6', '196208291984031', 'C6', 80, 5),
('196208291984031C7', '196208291984031', 'C7', 80, 3),
('196208291984031C8', '196208291984031', 'C8', 80, 4),
('196208291984031C9', '196208291984031', 'C9', 80, 1),
('234234980101222C1', '234234980101222', 'C1', 80, 3),
('234234980101222C10', '234234980101222', 'C10', 80, 4),
('234234980101222C2', '234234980101222', 'C2', 80, 2),
('234234980101222C3', '234234980101222', 'C3', 80, 4),
('234234980101222C4', '234234980101222', 'C4', 80, 5),
('234234980101222C5', '234234980101222', 'C5', 80, 4),
('234234980101222C6', '234234980101222', 'C6', 80, 2),
('234234980101222C7', '234234980101222', 'C7', 80, 1),
('234234980101222C8', '234234980101222', 'C8', 80, 5),
('234234980101222C9', '234234980101222', 'C9', 80, 4),
('345557291980101C1', '345557291980101', 'C1', 80, 5),
('345557291980101C10', '345557291980101', 'C10', 80, 1),
('345557291980101C2', '345557291980101', 'C2', 80, 5),
('345557291980101C3', '345557291980101', 'C3', 80, 4),
('345557291980101C4', '345557291980101', 'C4', 80, 3),
('345557291980101C5', '345557291980101', 'C5', 80, 4),
('345557291980101C6', '345557291980101', 'C6', 80, 1),
('345557291980101C7', '345557291980101', 'C7', 80, 4),
('345557291980101C8', '345557291980101', 'C8', 80, 2),
('345557291980101C9', '345557291980101', 'C9', 80, 5);

-- --------------------------------------------------------

--
-- Table structure for table `user`
--

CREATE TABLE `user` (
  `id` int(11) NOT NULL,
  `nama` varchar(30) NOT NULL,
  `username` varchar(15) NOT NULL,
  `password` varchar(225) NOT NULL,
  `email` varchar(50) NOT NULL,
  `hak_akses` enum('Admin','User') NOT NULL
) ENGINE=InnoDB DEFAULT CHARSET=latin1;

--
-- Dumping data for table `user`
--

INSERT INTO `user` (`id`, `nama`, `username`, `password`, `email`, `hak_akses`) VALUES
(1, 'yuke', 'admin', '21232f297a57a5a743894a0e4a801fc3', 'admin@admin.com', 'Admin'),
(2, 'ceo', 'user', 'ee11cbb19052e40b07aac0ca060c23ee', 'kepalasekolah@gmail.com', 'User');

--
-- Indexes for dumped tables
--

--
-- Indexes for table `bobot`
--
ALTER TABLE `bobot`
  ADD PRIMARY KEY (`id`);

--
-- Indexes for table `karyawan`
--
ALTER TABLE `karyawan`
  ADD PRIMARY KEY (`id`),
  ADD UNIQUE KEY `nip` (`nip`);

--
-- Indexes for table `kriteria`
--
ALTER TABLE `kriteria`
  ADD PRIMARY KEY (`id`);

--
-- Indexes for table `nilai_topsis`
--
ALTER TABLE `nilai_topsis`
  ADD PRIMARY KEY (`kode_nilai_guru`);

--
-- Indexes for table `user`
--
ALTER TABLE `user`
  ADD PRIMARY KEY (`id`);

--
-- AUTO_INCREMENT for dumped tables
--

--
-- AUTO_INCREMENT for table `bobot`
--
ALTER TABLE `bobot`
  MODIFY `id` int(11) NOT NULL AUTO_INCREMENT, AUTO_INCREMENT=6;

--
-- AUTO_INCREMENT for table `karyawan`
--
ALTER TABLE `karyawan`
  MODIFY `id` int(11) NOT NULL AUTO_INCREMENT, AUTO_INCREMENT=27;

--
-- AUTO_INCREMENT for table `kriteria`
--
ALTER TABLE `kriteria`
  MODIFY `id` int(11) NOT NULL AUTO_INCREMENT, AUTO_INCREMENT=11;

--
-- AUTO_INCREMENT for table `user`
--
ALTER TABLE `user`
  MODIFY `id` int(11) NOT NULL AUTO_INCREMENT, AUTO_INCREMENT=3;
COMMIT;

/*!40101 SET CHARACTER_SET_CLIENT=@OLD_CHARACTER_SET_CLIENT */;
/*!40101 SET CHARACTER_SET_RESULTS=@OLD_CHARACTER_SET_RESULTS */;
/*!40101 SET COLLATION_CONNECTION=@OLD_COLLATION_CONNECTION */;
